,precision,recall,f1-score,support
A,0.741,1.0,0.851,20.0
B,0.606,1.0,0.755,20.0
C,0.955,1.0,0.977,21.0
D,0.792,0.95,0.864,20.0
E,0.75,1.0,0.857,27.0
F,1.0,0.071,0.133,14.0
G,1.0,1.0,1.0,20.0
H,1.0,1.0,1.0,20.0
I,0.481,1.0,0.65,13.0
J,1.0,1.0,1.0,11.0
K,0.8,1.0,0.889,12.0
L,0.85,1.0,0.919,17.0
M,0.0,0.0,0.0,16.0
N,0.211,0.25,0.229,16.0
O,0.929,0.722,0.812,18.0
P,1.0,1.0,1.0,15.0
Q,1.0,0.571,0.727,7.0
R,0.429,0.2,0.273,15.0
S,0.875,0.438,0.583,16.0
T,1.0,0.692,0.818,13.0
U,0.667,0.8,0.727,25.0
V,0.812,0.812,0.812,16.0
W,1.0,1.0,1.0,12.0
X,0.909,0.833,0.87,12.0
Y,0.0,0.0,0.0,14.0
Z,1.0,1.0,1.0,29.0
accuracy,0.774,0.774,0.774,0.774
macro avg,0.762,0.744,0.721,439.0
weighted avg,0.764,0.774,0.742,439.0
